{
  "MAE": 0.9938321709632874,
  "RMSE": 1.2813956015127779,
  "R2": 0.9811570048332214
}